subreddit	n_comments
politics	1020488
Economics	71538
obama	29641
Libertarian	17646
Anarchism	6464
worldpolitics	6389
economy	4790
ronpaul	2916
Israel	2142
socialism	1952
Freethought	1273
government	991
AmericanPolitics	420
ukpolitics	406
law	330
Conservative	71
PoliticalHumor	64
geopolitics	61
antiwar	26
Marxism	23
NonAustrianEconomics	20
Capitalism	14
Objectivism	13
progressive	9
propaganda	8
PoliticalPhilosophy	8
BritishPolitics	5
Hillary	3
USNEWS	3
revolution	2
Anarcho_Capitalism	2
censorship	1
